-- USER
INSERT INTO PERSON (ID,FIRST_NAME,LAST_NAME) VALUES (1,'Janek','Kowalski');
INSERT INTO PERSON (ID,FIRST_NAME,LAST_NAME) VALUES (2,'Tobiasz','Nowak');
INSERT INTO PERSON (ID,FIRST_NAME,LAST_NAME) VALUES (3,'Wojciech','Sikorski');
INSERT INTO PERSON (ID,FIRST_NAME,LAST_NAME) VALUES (4,'Anna','Lewandowska');
INSERT INTO PERSON (ID,FIRST_NAME,LAST_NAME) VALUES (5,'Piotr','Sztaba');
INSERT INTO PERSON (ID,FIRST_NAME,LAST_NAME) VALUES (6,'Dawid','Węgiel');

-- CHARGER
INSERT INTO CHARGER(ID, NAME, ADDRESS, HEADQUARTERS) VALUES (1, 'ORANGE', 'Al. Jerozolimskie 160', 'Warszawa');
INSERT INTO CHARGER(ID, NAME, ADDRESS, HEADQUARTERS) VALUES (2, 'Orlen', 'ul.Wiejska 3', 'WARSZAWA');
INSERT INTO CHARGER(ID, NAME, ADDRESS, HEADQUARTERS) VALUES (3, 'Enea', 'ul. Pastelowa 8', 'Poznań');

-- HOUSEHOLD
INSERT INTO HOUSEHOLD (ID,ADDRESS,CITY,CURRENT_BALANCE,NAME) VALUES (1,'Puławska 2', 'Warszawa', 2500, 'Dom w drzewach');
INSERT INTO HOUSEHOLD (ID,ADDRESS,CITY,CURRENT_BALANCE,NAME) VALUES (2,'Jana Kazimierza 1', 'Rymań', 800, 'Chatka ogrodnika');
INSERT INTO HOUSEHOLD (ID,ADDRESS,CITY,CURRENT_BALANCE,NAME) VALUES (3,'Szkolna 23/5', 'Janów Podlaski', 3000, 'Stajnia');
INSERT INTO HOUSEHOLD (ID,ADDRESS,CITY,CURRENT_BALANCE,NAME) VALUES (4,'Kolorowa 44H', 'Sopot', 5000, 'Apartament Luxury');
INSERT INTO HOUSEHOLD (ID,ADDRESS,CITY,CURRENT_BALANCE,NAME) VALUES (5,'al. Jerozolimskie 13', 'Warszawa', 10000, 'Apartament Prezydencki');


-- HOUSEHOLD_USERS
INSERT INTO HOUSEHOLD_USERS (HOUSEHOLD_ID ,PERSON_ID) VALUES (1,1);
INSERT INTO HOUSEHOLD_USERS (HOUSEHOLD_ID ,PERSON_ID) VALUES (1,2);
INSERT INTO HOUSEHOLD_USERS (HOUSEHOLD_ID ,PERSON_ID) VALUES (2,3);
INSERT INTO HOUSEHOLD_USERS (HOUSEHOLD_ID ,PERSON_ID) VALUES (3,4);
INSERT INTO HOUSEHOLD_USERS (HOUSEHOLD_ID ,PERSON_ID) VALUES (4,5);
INSERT INTO HOUSEHOLD_USERS (HOUSEHOLD_ID ,PERSON_ID) VALUES (5,6);

-- TRANSACTIONS_CATEGORY
INSERT INTO TRANSACTION_CATEGORY (ID,TYPE) VALUES (1,'Jedzenie');
INSERT INTO TRANSACTION_CATEGORY (ID,TYPE) VALUES (2,'Mieszkanie');
INSERT INTO TRANSACTION_CATEGORY (ID,TYPE) VALUES (3,'Inne opłaty i rachunki');
INSERT INTO TRANSACTION_CATEGORY (ID,TYPE) VALUES (4,'Zdrowie, higiena i chemia');
INSERT INTO TRANSACTION_CATEGORY (ID,TYPE) VALUES (5,'Ubranie');
INSERT INTO TRANSACTION_CATEGORY (ID,TYPE) VALUES (6,'Relaks');
INSERT INTO TRANSACTION_CATEGORY (ID,TYPE) VALUES (7,'Transport');
INSERT INTO TRANSACTION_CATEGORY (ID,TYPE) VALUES (8,'Gaz');
INSERT INTO TRANSACTION_CATEGORY (ID,TYPE) VALUES (9,'Prąd');
INSERT INTO TRANSACTION_CATEGORY (ID,TYPE) VALUES (10,'Woda');
INSERT INTO TRANSACTION_CATEGORY (ID,TYPE) VALUES (11,'Śmieci');
INSERT INTO TRANSACTION_CATEGORY (ID,TYPE) VALUES (12,'Wynagrodzenie');

-- TRANSACATIONS
INSERT INTO TRANSACTION
    (ID, AMOUNT, DESCRIPTION, NAME, TRANSACTION_DATE, TRANSACTION_PAYMENT_DATE, TRANSACTION_PERIOD,
    TRANSACTION_TYPE, TRANSACTION_CATEGORY_ID, CHARGER_ID, HOUSEHOLD_ID, PERSON_ID)
    VALUES (1, 199.99, 'Kurtka dla syna', 'Kurtka', '2022-11-18', '2022-11-20', 'JEDNORAZOWA', 'KOSZT', 5, 2, 1, 2);
INSERT INTO TRANSACTION
    (ID, AMOUNT, DESCRIPTION, NAME, TRANSACTION_DATE, TRANSACTION_PAYMENT_DATE, TRANSACTION_PERIOD,
    TRANSACTION_TYPE, TRANSACTION_CATEGORY_ID, CHARGER_ID, HOUSEHOLD_ID, PERSON_ID)
    VALUES (2, 25, 'Rachunek za telefon', 'Abonament tel', '2022-11-25', '2022-11-26', 'CYKLICZNA', 'KOSZT', 3, 1, 1, 2);
INSERT INTO TRANSACTION
    (ID, AMOUNT, DESCRIPTION, NAME, TRANSACTION_DATE, TRANSACTION_PAYMENT_DATE, TRANSACTION_PERIOD,
    TRANSACTION_TYPE, TRANSACTION_CATEGORY_ID, CHARGER_ID, HOUSEHOLD_ID, PERSON_ID)
    VALUES (3, 500, 'Benzyna Pb95', 'Tankowanie', '2022-11-26', '2022-11-26', 'JEDNORAZOWA', 'KOSZT', 7, 2, 2, 1);
INSERT INTO TRANSACTION
    (ID, AMOUNT, DESCRIPTION, NAME, TRANSACTION_DATE, TRANSACTION_PAYMENT_DATE, TRANSACTION_PERIOD,
    TRANSACTION_TYPE, TRANSACTION_CATEGORY_ID, CHARGER_ID, HOUSEHOLD_ID, PERSON_ID)
    VALUES (4, 25, 'Dodatek świąteczny', 'Wpływ', '2022-11-23', '2022-11-23', 'JEDNORAZOWA', 'DOCHOD', 11, null, 1, 1);

